DATA HISTORIS HARGA PENUTUPAN MINGGUAN SAHAM PT TELKOM INDONESIA (PERSERO) TBK (TLKM.JK),,,,,,,
Periode: 1 Oktober 2021 s.d. 1 Oktober 2026 | Frekuensi: Mingguan (Weekly Close),,,,,,,
,,,,,,,
No,Tanggal,Open,High,Low,Close,Adj Close,Volume
1,"Oct 01, 2021","3,817.17","3,844.75","3,745.80","3,810.96","2,858.22","403,046,582"
2,"Oct 08, 2021","3,811.62","3,814.73","3,769.15","3,814.73","2,861.05","254,549,131"
3,"Oct 15, 2021","3,936.39","3,968.28","3,866.83","3,968.28","2,976.21","814,989,791"
4,"Oct 22, 2021","4,027.76","4,100.41","3,974.68","4,093.92","3,070.44","654,146,501"
5,"Oct 29, 2021","4,119.67","4,143.25","4,103.16","4,103.16","3,077.37","694,979,110"
6,"Nov 05, 2021","4,077.39","4,100.39","4,031.74","4,098.53","3,073.90","515,618,809"
7,"Nov 12, 2021","4,120.22","4,149.41","4,056.66","4,140.07","3,105.05","890,183,312"
8,"Nov 19, 2021","4,133.35","4,148.58","4,117.84","4,148.58","3,111.43","403,524,531"
9,"Nov 26, 2021","4,022.75","4,084.43","4,013.02","4,053.05","3,039.79","436,777,632"
10,"Dec 03, 2021","4,072.10","4,106.98","4,052.42","4,106.98","3,080.23","697,264,646"
11,"Dec 10, 2021","4,122.43","4,186.87","4,056.98","4,106.65","3,079.99","864,606,719"
12,"Dec 17, 2021","4,104.85","4,192.58","4,095.22","4,110.08","3,082.56","860,703,128"
13,"Dec 24, 2021","4,098.37","4,144.61","4,076.99","4,088.46","3,066.35","334,702,937"
14,"Dec 31, 2021","4,038.51","4,083.43","4,011.43","4,051.64","3,038.73","883,794,009"
15,"Jan 07, 2022","3,956.59","3,982.47","3,873.05","3,946.80","2,960.10","815,247,898"
16,"Jan 14, 2022","3,905.63","3,940.50","3,870.85","3,870.85","2,903.14","487,511,823"
17,"Jan 21, 2022","3,928.66","3,944.56","3,893.30","3,896.99","2,922.74","635,227,718"
18,"Jan 28, 2022","3,819.09","3,838.59","3,809.57","3,838.59","2,878.94","546,105,240"
19,"Feb 04, 2022","3,862.37","3,881.32","3,815.19","3,815.19","2,861.39","601,995,268"
20,"Feb 11, 2022","3,865.46","3,872.19","3,815.64","3,817.15","2,862.86","683,567,057"
21,"Feb 18, 2022","3,793.85","3,848.81","3,789.16","3,789.16","2,841.87","720,183,156"
22,"Feb 25, 2022","3,754.03","3,805.68","3,730.78","3,800.47","2,850.35","360,422,782"
23,"Mar 04, 2022","3,935.66","3,995.07","3,933.39","3,933.39","2,950.04","752,328,530"
24,"Mar 11, 2022","3,836.07","3,856.28","3,826.41","3,856.28","2,892.21","433,368,683"
25,"Mar 18, 2022","3,920.90","3,957.76","3,842.77","3,957.76","2,968.32","353,665,649"
26,"Mar 25, 2022","3,893.09","3,916.52","3,825.34","3,904.11","2,928.08","900,916,710"
27,"Apr 01, 2022","3,955.00","4,008.82","3,930.10","3,950.59","2,962.94","806,741,849"
28,"Apr 08, 2022","3,895.73","3,909.31","3,830.17","3,875.43","2,906.57","554,194,630"
29,"Apr 15, 2022","3,915.41","3,964.74","3,887.04","3,887.04","2,915.28","251,183,894"
30,"Apr 22, 2022","3,997.77","4,074.24","3,946.26","3,978.66","2,984.00","843,610,695"
31,"Apr 29, 2022","4,016.38","4,042.56","3,982.32","3,982.32","2,986.74","908,254,569"
32,"May 06, 2022","4,002.17","4,026.14","3,952.23","3,997.32","2,997.99","399,590,980"
33,"May 13, 2022","3,964.74","4,020.03","3,961.49","3,980.18","2,985.13","822,896,425"
34,"May 20, 2022","4,072.35","4,097.60","4,039.44","4,039.44","3,029.58","690,835,766"
35,"May 27, 2022","3,918.60","3,958.28","3,831.79","3,865.76","2,899.32","373,120,677"
36,"Jun 03, 2022","3,979.85","3,994.16","3,912.37","3,994.16","2,995.62","941,524,717"
37,"Jun 10, 2022","4,223.59","4,306.93","4,164.60","4,280.04","3,210.03","878,045,672"
38,"Jun 17, 2022","4,335.73","4,362.01","4,270.52","4,340.14","3,255.11","442,218,212"
39,"Jun 24, 2022","4,269.10","4,294.71","4,227.11","4,227.11","3,170.33","744,493,399"
40,"Jul 01, 2022","4,138.77","4,181.90","4,120.45","4,181.90","3,136.42","736,866,090"
41,"Jul 08, 2022","4,109.69","4,135.93","4,064.70","4,082.05","3,061.54","555,085,183"
42,"Jul 15, 2022","3,996.85","4,049.75","3,983.83","3,983.83","2,987.87","268,876,516"
43,"Jul 22, 2022","3,954.61","3,965.59","3,945.67","3,945.67","2,959.26","782,860,795"
44,"Jul 29, 2022","3,887.14","3,946.18","3,865.54","3,946.18","2,959.64","777,963,242"
45,"Aug 05, 2022","3,810.39","3,853.89","3,733.69","3,745.09","2,808.81","773,547,956"
46,"Aug 12, 2022","3,662.30","3,686.75","3,616.22","3,671.12","2,753.34","938,691,046"
47,"Aug 19, 2022","3,723.11","3,758.23","3,682.73","3,758.23","2,818.67","745,116,050"
48,"Aug 26, 2022","3,729.13","3,796.48","3,660.51","3,726.87","2,795.16","761,718,350"
49,"Sep 02, 2022","3,539.31","3,600.96","3,503.20","3,529.70","2,647.27","845,666,985"
50,"Sep 09, 2022","3,481.20","3,540.57","3,386.62","3,514.42","2,635.82","780,715,257"
51,"Sep 16, 2022","3,579.07","3,617.16","3,561.49","3,600.41","2,700.30","657,088,909"
52,"Sep 23, 2022","3,593.56","3,620.98","3,577.98","3,577.98","2,683.49","334,459,119"
53,"Sep 30, 2022","3,536.05","3,582.52","3,513.29","3,531.62","2,648.72","933,624,916"
54,"Oct 07, 2022","3,535.75","3,554.49","3,509.99","3,549.36","2,662.02","338,395,645"
55,"Oct 14, 2022","3,636.27","3,713.80","3,598.62","3,701.47","2,776.10","825,480,951"
56,"Oct 21, 2022","3,688.59","3,734.46","3,683.01","3,727.81","2,795.86","407,980,995"
57,"Oct 28, 2022","3,732.75","3,755.18","3,679.45","3,704.15","2,778.12","712,299,696"
58,"Nov 04, 2022","3,654.31","3,689.08","3,625.96","3,689.08","2,766.81","567,821,928"
59,"Nov 11, 2022","3,781.27","3,814.22","3,672.13","3,744.02","2,808.01","774,270,405"
60,"Nov 18, 2022","3,755.70","3,767.45","3,715.66","3,747.96","2,810.97","425,257,531"
61,"Nov 25, 2022","3,842.93","3,893.04","3,806.56","3,882.17","2,911.63","659,730,737"
62,"Dec 02, 2022","3,914.02","3,927.13","3,895.69","3,927.13","2,945.35","735,571,571"
63,"Dec 09, 2022","4,010.83","4,048.00","3,979.29","4,016.43","3,012.32","381,307,778"
64,"Dec 16, 2022","3,948.28","4,010.69","3,936.48","4,007.04","3,005.28","738,775,020"
65,"Dec 23, 2022","4,024.23","4,031.61","3,981.76","4,020.85","3,015.64","832,500,221"
66,"Dec 30, 2022","4,020.17","4,060.69","4,004.66","4,004.66","3,003.49","605,768,624"
67,"Jan 06, 2023","3,876.70","3,892.18","3,834.85","3,852.80","2,889.60","660,856,405"
68,"Jan 13, 2023","3,761.35","3,786.52","3,717.93","3,744.39","2,808.29","738,248,899"
69,"Jan 20, 2023","3,755.64","3,831.24","3,693.89","3,826.14","2,869.60","936,572,697"
70,"Jan 27, 2023","3,825.55","3,865.79","3,790.95","3,813.57","2,860.18","536,985,033"
71,"Feb 03, 2023","3,835.55","3,838.04","3,818.09","3,838.04","2,878.53","846,638,935"
72,"Feb 10, 2023","3,907.64","3,919.69","3,796.50","3,901.99","2,926.49","693,623,480"
73,"Feb 17, 2023","3,982.41","4,008.24","3,974.84","4,006.95","3,005.21","368,988,554"
74,"Feb 24, 2023","4,025.88","4,063.65","3,976.83","4,019.01","3,014.26","661,300,193"
75,"Mar 03, 2023","4,047.99","4,067.02","4,008.93","4,061.05","3,045.79","944,884,430"
76,"Mar 10, 2023","4,087.24","4,136.24","4,036.20","4,103.56","3,077.67","882,908,703"
77,"Mar 17, 2023","3,975.91","4,023.00","3,920.46","4,023.00","3,017.25","711,427,078"
78,"Mar 24, 2023","4,132.29","4,221.21","4,106.95","4,155.25","3,116.43","313,093,363"
79,"Mar 31, 2023","4,057.81","4,081.78","3,958.53","4,081.78","3,061.34","831,330,833"
80,"Apr 07, 2023","3,915.31","3,951.28","3,859.31","3,951.28","2,963.46","935,959,569"
81,"Apr 14, 2023","3,874.28","3,908.35","3,816.48","3,834.81","2,876.11","267,517,254"
82,"Apr 21, 2023","3,940.02","4,002.89","3,874.86","3,931.79","2,948.84","912,383,073"
83,"Apr 28, 2023","3,885.48","3,896.88","3,817.02","3,896.88","2,922.66","769,588,310"
84,"May 05, 2023","3,825.98","3,832.30","3,784.69","3,784.69","2,838.52","560,368,160"
85,"May 12, 2023","4,025.68","4,055.61","4,000.84","4,055.61","3,041.71","713,938,116"
86,"May 19, 2023","4,097.85","4,125.27","4,054.88","4,123.67","3,092.75","401,165,946"
87,"May 26, 2023","4,189.79","4,212.28","4,162.75","4,202.55","3,151.92","260,402,229"
88,"Jun 02, 2023","4,248.25","4,279.10","4,203.85","4,239.99","3,179.99","609,266,570"
89,"Jun 09, 2023","4,145.37","4,187.07","4,106.87","4,173.55","3,130.16","886,790,580"
90,"Jun 16, 2023","4,187.47","4,201.17","4,144.40","4,178.42","3,133.81","319,424,923"
91,"Jun 23, 2023","4,343.02","4,411.04","4,290.96","4,338.17","3,253.63","487,252,133"
92,"Jun 30, 2023","4,328.61","4,338.32","4,277.29","4,338.32","3,253.74","639,459,514"
93,"Jul 07, 2023","4,362.00","4,393.68","4,340.76","4,373.96","3,280.47","654,542,962"
94,"Jul 14, 2023","4,273.46","4,300.20","4,210.04","4,300.20","3,225.15","815,054,959"
95,"Jul 21, 2023","4,399.15","4,445.44","4,371.32","4,421.80","3,316.35","487,877,259"
96,"Jul 28, 2023","4,435.09","4,436.96","4,416.15","4,416.15","3,312.11","755,117,177"
97,"Aug 04, 2023","4,493.03","4,494.58","4,442.78","4,494.58","3,370.94","559,430,930"
98,"Aug 11, 2023","4,383.43","4,394.37","4,372.34","4,380.33","3,285.25","281,792,153"
99,"Aug 18, 2023","4,348.94","4,374.58","4,324.54","4,324.54","3,243.41","742,569,884"
100,"Aug 25, 2023","4,324.73","4,401.34","4,273.90","4,317.55","3,238.16","264,599,591"
101,"Sep 01, 2023","4,211.64","4,281.80","4,152.11","4,226.05","3,169.54","527,036,687"
102,"Sep 08, 2023","4,191.55","4,222.95","4,151.05","4,199.72","3,149.79","494,562,685"
103,"Sep 15, 2023","4,350.53","4,408.23","4,329.42","4,383.50","3,287.63","708,856,307"
104,"Sep 22, 2023","4,380.62","4,440.85","4,298.85","4,408.44","3,306.33","854,972,812"
105,"Sep 29, 2023","4,426.44","4,433.24","4,398.09","4,398.09","3,298.57","467,285,495"
106,"Oct 06, 2023","4,391.97","4,441.98","4,355.56","4,371.57","3,278.68","706,286,218"
107,"Oct 13, 2023","4,330.70","4,347.19","4,290.46","4,296.06","3,222.04","557,595,254"
108,"Oct 20, 2023","4,299.31","4,331.70","4,265.22","4,331.70","3,248.78","703,113,749"
109,"Oct 27, 2023","4,361.63","4,429.57","4,338.75","4,338.75","3,254.07","927,387,555"
110,"Nov 03, 2023","4,377.95","4,483.70","4,351.06","4,454.73","3,341.05","767,142,270"
111,"Nov 10, 2023","4,501.75","4,552.61","4,471.05","4,471.05","3,353.28","913,367,787"
112,"Nov 17, 2023","4,468.91","4,478.96","4,454.30","4,478.96","3,359.22","365,877,416"
113,"Nov 24, 2023","4,466.25","4,516.17","4,429.60","4,501.07","3,375.80","623,807,804"
114,"Dec 01, 2023","4,381.51","4,413.45","4,302.92","4,354.26","3,265.69","619,221,851"
115,"Dec 08, 2023","4,396.24","4,406.36","4,320.23","4,406.36","3,304.77","784,181,781"
116,"Dec 15, 2023","4,331.08","4,395.69","4,294.30","4,331.28","3,248.46","946,167,745"
117,"Dec 22, 2023","4,315.83","4,386.66","4,297.62","4,386.66","3,289.99","347,154,884"
118,"Dec 29, 2023","4,431.42","4,454.85","4,383.74","4,433.83","3,325.37","451,671,104"
119,"Jan 05, 2024","4,408.75","4,432.07","4,370.82","4,432.07","3,324.05","261,504,746"
120,"Jan 12, 2024","4,434.51","4,447.72","4,388.02","4,415.32","3,311.49","309,929,768"
121,"Jan 19, 2024","4,421.67","4,452.80","4,362.78","4,452.80","3,339.60","790,050,961"
122,"Jan 26, 2024","4,495.11","4,498.16","4,438.81","4,498.16","3,373.62","736,772,476"
123,"Feb 02, 2024","4,582.08","4,619.51","4,481.43","4,586.53","3,439.90","777,303,643"
124,"Feb 09, 2024","4,528.84","4,560.61","4,517.63","4,528.26","3,396.20","897,017,326"
125,"Feb 16, 2024","4,539.90","4,590.48","4,475.17","4,545.07","3,408.81","306,048,237"
126,"Feb 23, 2024","4,572.94","4,620.61","4,520.39","4,589.61","3,442.21","810,767,182"
127,"Mar 01, 2024","4,480.30","4,511.01","4,433.00","4,438.59","3,328.95","651,745,244"
128,"Mar 08, 2024","4,444.47","4,493.02","4,404.54","4,450.92","3,338.19","432,202,839"
129,"Mar 15, 2024","4,449.72","4,517.33","4,378.90","4,488.92","3,366.69","493,197,706"
130,"Mar 22, 2024","4,374.80","4,443.43","4,334.38","4,348.00","3,261.00","803,261,142"
131,"Mar 29, 2024","4,267.82","4,313.53","4,253.51","4,276.41","3,207.31","826,337,579"
132,"Apr 05, 2024","4,307.49","4,359.27","4,260.16","4,359.27","3,269.46","887,498,589"
133,"Apr 12, 2024","4,309.39","4,323.23","4,298.70","4,313.88","3,235.41","461,977,224"
134,"Apr 19, 2024","4,321.96","4,325.42","4,258.00","4,325.42","3,244.06","827,665,387"
135,"Apr 26, 2024","4,365.56","4,433.37","4,335.46","4,365.15","3,273.86","452,770,159"
136,"May 03, 2024","4,471.21","4,552.69","4,440.58","4,440.58","3,330.43","588,975,791"
137,"May 10, 2024","4,350.22","4,361.68","4,322.88","4,324.04","3,243.03","437,230,172"
138,"May 17, 2024","4,290.53","4,315.92","4,243.94","4,315.92","3,236.94","479,205,074"
139,"May 24, 2024","4,329.49","4,391.98","4,288.23","4,391.98","3,293.99","926,680,641"
140,"May 31, 2024","4,339.12","4,340.96","4,251.69","4,334.22","3,250.66","843,020,655"
141,"Jun 07, 2024","4,263.65","4,344.97","4,233.25","4,270.39","3,202.79","637,256,048"
142,"Jun 14, 2024","4,167.08","4,222.83","4,149.27","4,191.66","3,143.74","606,385,761"
143,"Jun 21, 2024","4,191.67","4,208.33","4,153.74","4,208.33","3,156.25","479,576,093"
144,"Jun 28, 2024","4,224.54","4,251.57","4,154.43","4,247.56","3,185.67","821,024,183"
145,"Jul 05, 2024","4,199.09","4,285.43","4,192.19","4,285.43","3,214.07","654,344,077"
146,"Jul 12, 2024","4,349.27","4,351.17","4,276.93","4,276.93","3,207.70","272,099,359"
147,"Jul 19, 2024","4,192.76","4,201.06","4,169.84","4,201.06","3,150.80","346,657,740"
148,"Jul 26, 2024","4,148.99","4,203.66","4,118.65","4,197.37","3,148.03","498,000,892"
149,"Aug 02, 2024","4,314.41","4,374.45","4,268.56","4,270.13","3,202.59","407,406,926"
150,"Aug 09, 2024","4,350.98","4,379.56","4,298.11","4,379.56","3,284.67","335,311,874"
151,"Aug 16, 2024","4,413.76","4,441.14","4,359.71","4,407.77","3,305.83","585,355,484"
152,"Aug 23, 2024","4,330.24","4,330.71","4,285.32","4,330.71","3,248.04","696,561,201"
153,"Aug 30, 2024","4,239.12","4,289.48","4,168.66","4,168.66","3,126.49","864,879,735"
154,"Sep 06, 2024","4,165.28","4,234.59","4,057.31","4,090.85","3,068.14","624,606,593"
155,"Sep 13, 2024","4,151.01","4,210.90","4,119.76","4,157.61","3,118.21","906,992,351"
156,"Sep 20, 2024","4,236.86","4,262.01","4,223.61","4,223.61","3,167.71","765,632,526"
157,"Sep 27, 2024","4,304.40","4,357.78","4,235.47","4,276.08","3,207.06","476,521,169"
158,"Oct 04, 2024","4,235.15","4,241.22","4,167.26","4,241.22","3,180.91","293,487,032"
159,"Oct 11, 2024","4,175.08","4,206.93","4,144.27","4,206.93","3,155.19","680,237,813"
160,"Oct 18, 2024","4,168.00","4,215.76","4,124.01","4,176.62","3,132.46","402,888,135"
161,"Oct 25, 2024","4,052.97","4,085.26","4,051.45","4,051.45","3,038.59","603,840,939"
162,"Nov 01, 2024","4,061.72","4,086.35","4,042.44","4,068.78","3,051.59","607,262,747"
163,"Nov 08, 2024","4,136.61","4,177.65","4,131.89","4,177.65","3,133.24","527,164,096"
164,"Nov 15, 2024","4,327.15","4,370.67","4,294.27","4,294.27","3,220.71","788,280,443"
165,"Nov 22, 2024","4,324.50","4,398.73","4,301.31","4,351.61","3,263.71","707,473,868"
166,"Nov 29, 2024","4,329.36","4,372.75","4,276.78","4,281.68","3,211.26","631,111,737"
167,"Dec 06, 2024","4,303.39","4,326.83","4,252.51","4,326.83","3,245.12","786,237,427"
168,"Dec 13, 2024","4,287.57","4,336.74","4,230.31","4,261.37","3,196.03","854,611,169"
169,"Dec 20, 2024","4,154.00","4,163.07","4,099.42","4,163.07","3,122.30","474,465,580"
170,"Dec 27, 2024","4,135.28","4,184.10","4,104.39","4,184.10","3,138.08","549,040,407"
171,"Jan 03, 2025","4,165.12","4,223.12","4,129.34","4,129.34","3,097.01","581,463,174"
172,"Jan 10, 2025","4,189.33","4,275.17","4,108.69","4,152.03","3,114.02","392,335,713"
173,"Jan 17, 2025","4,185.34","4,194.91","4,110.41","4,110.41","3,082.81","757,013,667"
174,"Jan 24, 2025","4,123.99","4,187.75","4,085.18","4,134.12","3,100.59","890,588,521"
175,"Jan 31, 2025","4,161.98","4,191.01","4,130.15","4,163.95","3,122.96","319,025,762"
176,"Feb 07, 2025","4,272.90","4,303.44","4,229.46","4,235.92","3,176.94","904,330,775"
177,"Feb 14, 2025","4,252.24","4,270.00","4,243.17","4,252.09","3,189.06","729,392,628"
178,"Feb 21, 2025","4,088.74","4,128.26","4,033.51","4,121.98","3,091.49","891,829,572"
179,"Feb 28, 2025","4,136.11","4,206.72","4,119.97","4,119.97","3,089.98","256,399,023"
180,"Mar 07, 2025","4,121.07","4,176.23","4,071.40","4,120.12","3,090.09","636,150,492"
181,"Mar 14, 2025","4,227.95","4,240.04","4,169.49","4,215.25","3,161.44","534,219,186"
182,"Mar 21, 2025","4,111.06","4,194.14","4,099.14","4,115.37","3,086.52","256,615,120"
183,"Mar 28, 2025","4,036.46","4,063.32","3,976.58","3,976.58","2,982.43","279,786,230"
184,"Apr 04, 2025","4,065.31","4,108.13","3,998.49","4,108.13","3,081.10","528,807,214"
185,"Apr 11, 2025","3,979.49","3,989.96","3,920.23","3,949.38","2,962.04","488,414,922"
186,"Apr 18, 2025","3,894.60","3,906.84","3,863.73","3,906.84","2,930.13","683,031,123"
187,"Apr 25, 2025","4,031.60","4,096.40","3,976.56","4,008.48","3,006.36","438,836,510"
188,"May 02, 2025","3,954.17","3,989.24","3,918.22","3,941.73","2,956.30","668,630,658"
189,"May 09, 2025","3,907.44","3,932.86","3,863.72","3,896.75","2,922.56","460,791,885"
190,"May 16, 2025","3,895.87","3,931.03","3,856.60","3,870.42","2,902.82","687,523,581"
191,"May 23, 2025","3,884.43","3,900.18","3,815.60","3,900.18","2,925.14","480,679,201"
192,"May 30, 2025","3,792.63","3,809.66","3,724.26","3,809.66","2,857.25","653,115,497"
193,"Jun 06, 2025","3,760.09","3,822.45","3,758.05","3,775.76","2,831.82","727,198,843"
194,"Jun 13, 2025","3,903.77","3,938.13","3,867.50","3,938.13","2,953.60","806,959,785"
195,"Jun 20, 2025","3,916.34","3,963.88","3,852.44","3,940.44","2,955.33","943,490,430"
196,"Jun 27, 2025","3,936.28","3,979.84","3,878.26","3,971.32","2,978.49","876,851,060"
197,"Jul 04, 2025","3,983.57","4,034.05","3,936.97","3,952.23","2,964.17","926,001,744"
198,"Jul 11, 2025","3,943.79","3,962.65","3,901.87","3,954.27","2,965.70","523,793,918"
199,"Jul 18, 2025","4,033.77","4,073.80","4,016.10","4,029.42","3,022.06","588,048,199"
200,"Jul 25, 2025","4,024.32","4,076.71","4,019.19","4,059.70","3,044.78","365,047,864"
201,"Aug 01, 2025","4,013.16","4,114.95","3,992.49","3,992.49","2,994.36","552,494,116"
202,"Aug 08, 2025","3,903.35","3,927.21","3,892.41","3,892.41","2,919.31","570,285,295"
203,"Aug 15, 2025","3,901.63","3,952.33","3,855.91","3,952.33","2,964.25","819,616,777"
204,"Aug 22, 2025","3,987.54","4,032.90","3,957.76","4,018.07","3,013.55","542,767,374"
205,"Aug 29, 2025","3,947.50","3,950.53","3,884.12","3,946.57","2,959.93","470,206,010"
206,"Sep 05, 2025","3,940.36","4,020.58","3,901.04","3,901.04","2,925.78","592,089,658"
207,"Sep 12, 2025","3,945.32","3,964.44","3,931.55","3,964.44","2,973.33","634,808,329"
208,"Sep 19, 2025","3,874.31","3,929.66","3,869.75","3,902.20","2,926.65","817,491,901"
209,"Sep 26, 2025","3,918.46","3,983.07","3,895.10","3,895.10","2,921.32","291,550,483"
210,"Oct 03, 2025","3,870.18","3,912.64","3,817.86","3,817.86","2,863.40","829,937,261"
211,"Oct 10, 2025","3,914.85","3,953.78","3,891.78","3,904.73","2,928.55","866,087,556"
212,"Oct 17, 2025","3,803.85","3,887.84","3,745.56","3,823.60","2,867.70","294,331,480"
213,"Oct 24, 2025","3,828.88","3,865.05","3,811.05","3,811.05","2,858.29","646,299,477"
214,"Oct 31, 2025","3,808.37","3,856.60","3,770.35","3,856.60","2,892.45","250,473,152"
215,"Nov 07, 2025","3,882.69","3,930.33","3,817.12","3,898.61","2,923.95","510,290,637"
216,"Nov 14, 2025","3,956.72","3,990.31","3,905.55","3,990.31","2,992.74","250,760,412"
217,"Nov 21, 2025","3,987.10","3,990.41","3,950.94","3,950.94","2,963.21","761,534,367"
218,"Nov 28, 2025","3,881.41","3,940.35","3,793.90","3,822.69","2,867.01","255,932,319"
219,"Dec 05, 2025","3,854.86","3,920.51","3,840.28","3,920.51","2,940.38","310,681,623"
220,"Dec 12, 2025","3,937.97","4,006.96","3,919.34","3,919.34","2,939.50","670,005,507"
221,"Dec 19, 2025","3,977.79","4,071.50","3,928.07","3,980.59","2,985.44","773,490,548"
222,"Dec 26, 2025","3,954.62","3,994.37","3,914.66","3,994.37","2,995.78","940,817,772"
223,"Jan 02, 2026","4,094.76","4,116.55","4,079.90","4,116.55","3,087.41","689,999,487"
224,"Jan 09, 2026","4,116.77","4,166.20","4,072.68","4,091.87","3,068.91","607,913,288"
225,"Jan 16, 2026","4,099.05","4,173.85","4,050.73","4,155.84","3,116.88","842,527,680"
226,"Jan 23, 2026","4,141.45","4,188.21","4,061.48","4,160.05","3,120.04","917,111,341"
227,"Jan 30, 2026","4,172.78","4,224.15","4,114.69","4,179.20","3,134.40","568,638,444"
228,"Feb 06, 2026","4,145.63","4,190.16","4,117.33","4,166.21","3,124.66","409,883,096"
229,"Feb 13, 2026","4,167.32","4,227.92","4,129.28","4,227.92","3,170.94","889,763,368"
230,"Feb 20, 2026","4,277.70","4,304.60","4,224.73","4,225.74","3,169.31","601,428,659"
231,"Feb 27, 2026","4,284.56","4,322.47","4,222.57","4,288.69","3,216.52","390,469,807"
232,"Mar 06, 2026","4,299.70","4,349.51","4,251.93","4,325.85","3,244.39","880,310,308"
233,"Mar 13, 2026","4,367.29","4,371.41","4,344.81","4,371.41","3,278.56","759,050,527"
234,"Mar 20, 2026","4,270.25","4,288.15","4,220.25","4,275.35","3,206.52","510,744,381"
235,"Mar 27, 2026","4,289.77","4,314.80","4,206.66","4,314.80","3,236.10","440,369,110"
236,"Apr 03, 2026","4,250.74","4,319.65","4,228.43","4,246.33","3,184.75","625,147,184"
237,"Apr 10, 2026","4,215.01","4,235.66","4,129.05","4,230.85","3,173.13","835,147,325"
238,"Apr 17, 2026","4,208.09","4,231.33","4,166.30","4,166.30","3,124.73","566,540,818"
239,"Apr 24, 2026","4,206.02","4,237.71","4,180.84","4,232.76","3,174.57","431,174,456"
240,"May 01, 2026","4,224.96","4,257.41","4,186.97","4,256.95","3,192.71","526,499,081"
241,"May 08, 2026","4,206.91","4,228.28","4,160.14","4,180.01","3,135.01","635,482,065"
242,"May 15, 2026","4,106.81","4,127.38","4,032.02","4,127.38","3,095.53","806,392,371"
243,"May 22, 2026","4,090.23","4,122.71","4,050.06","4,053.94","3,040.46","403,314,131"
244,"May 29, 2026","4,069.10","4,079.08","4,054.60","4,054.60","3,040.95","841,654,631"
245,"Jun 05, 2026","3,959.14","4,042.57","3,912.90","4,017.16","3,012.87","466,337,150"
246,"Jun 12, 2026","4,015.90","4,041.22","3,974.76","4,041.22","3,030.91","341,342,681"
247,"Jun 19, 2026","4,102.34","4,173.88","4,030.98","4,058.23","3,043.67","345,516,168"
248,"Jun 26, 2026","4,079.93","4,091.05","4,060.01","4,091.05","3,068.29","760,181,669"
249,"Jul 03, 2026","4,246.76","4,331.17","4,154.13","4,241.16","3,180.87","424,678,604"
250,"Jul 10, 2026","4,171.33","4,193.04","4,131.81","4,175.29","3,131.47","585,642,475"
251,"Jul 17, 2026","4,300.54","4,350.13","4,273.45","4,273.45","3,205.09","762,389,559"
252,"Jul 24, 2026","4,328.91","4,331.90","4,279.49","4,300.85","3,225.64","738,037,692"
253,"Jul 31, 2026","4,399.59","4,425.58","4,340.37","4,357.75","3,268.31","549,324,170"
254,"Aug 07, 2026","4,284.75","4,330.13","4,254.48","4,323.13","3,242.34","528,227,143"
255,"Aug 14, 2026","4,319.26","4,320.80","4,289.37","4,289.37","3,217.03","408,369,596"
256,"Aug 21, 2026","4,259.75","4,332.28","4,246.83","4,332.28","3,249.21","662,808,509"
257,"Aug 28, 2026","4,372.71","4,436.20","4,321.27","4,356.29","3,267.22","583,383,596"
258,"Sep 04, 2026","4,407.98","4,468.03","4,395.78","4,468.03","3,351.02","948,088,458"
259,"Sep 11, 2026","4,560.13","4,592.17","4,530.43","4,534.60","3,400.95","800,585,447"
260,"Sep 18, 2026","4,565.55","4,599.66","4,562.17","4,599.66","3,449.75","320,693,309"
261,"Sep 25, 2026","4,544.35","4,572.98","4,514.10","4,553.08","3,414.81","442,789,899"
262,"Oct 02, 2026","4,443.80","4,492.44","4,378.81","4,378.81","3,284.10","894,584,488"
