Timestamp,Nama / Inisial,Jenis Kelamin:  ,Fakultas / Program Studi ,Rata-rata Uang Saku / Pendapatan per Bulan  ,Sumber Utamanya Pendapatan / Uang Saku  ,Berapa frekuensi Anda mendatangi warkop dalam seminggu?  ,Apa alasan atau tujuan utama Anda nongkrong di warkop?  ,Berapa rata-rata durasi waktu yang Anda habiskan dalam sekali nongkrong? ,Kapan waktu yang paling sering Anda pilih untuk nongkrong di warkop?  ,Di mana lokasi warkop yang paling sering Anda kunjungi?  ,Menu apa yang paling sering Anda pesan saat berada di warkop?  ,Berapa rata-rata uang yang Anda keluarkan dalam sekali kunjungan ke warkop  ,Berapa estimasi total alokasi pengeluaran Anda khusus untuk warkop dalam satu bulan?,Evaluasi Dampak Kebiasaan Nongkrong Terhadap Keuangan Bulanan   [Pengeluaran untuk warkop menyerap sebagian besar dari total anggaran bulanan saya.],Evaluasi Dampak Kebiasaan Nongkrong Terhadap Keuangan Bulanan   [Kebiasaan nongkrong di warkop sering membuat pengeluaran bulanan saya melebihi rencana awal.],Evaluasi Dampak Kebiasaan Nongkrong Terhadap Keuangan Bulanan   [Saya sering mengorbankan/mengurangi anggaran kebutuhan lain demi bisa nongkrong di warkop.],Evaluasi Dampak Kebiasaan Nongkrong Terhadap Keuangan Bulanan   [Saya mengalami kesulitan untuk menabung akibat rutin mengeluarkan uang di warkop.],Evaluasi Dampak Kebiasaan Nongkrong Terhadap Keuangan Bulanan   [Saya merasa biaya yang saya keluarkan di warkop membebani kondisi keuangan pribadi saya.],"Evaluasi Dampak Kebiasaan Nongkrong Terhadap Keuangan Bulanan   [Fasilitas di warkop (Wi-Fi, tempat belajar) dapat menghemat pengeluaran kuota internet harian saya.]",Evaluasi Dampak Kebiasaan Nongkrong Terhadap Keuangan Bulanan   [Pengeluaran di warkop terasa sepadan dengan manfaat produktivitas atau relaksasi yang saya dapatkan.]
16/09/2026 21:38:55,Muhamad Rifky Ardiansyah,Laki-laki,FMIPA / Ilmu Aktuaria ,Rp2.000.000 – Rp2.999.000,Orang Tua / Keluarga,Jarang (1 – 2 kali),Bermain game / nonton bareng / memakai Wi-Fi,2 – 4 jam,Malam hari,Area sekitar Kampus Unhas (Tamalanrea / Gowa),Hanya minuman (kopi / non-kopi),Rp31.000 – Rp50.000,Rp150.000 – Rp300.000,Tidak Setuju,Tidak Setuju,Tidak Setuju,Sangat Tidak Setuju,Sangat Tidak Setuju,Sangat Setuju,Sangat Setuju
16/09/2026 21:40:21,Zaid Haritsah,Laki-laki,FMIPA \ Fisika,≥ Rp3.000.000,Campuran (Uang saku + Penghasilan sendiri),Sangat sering (≥ 5 kali),Mencari suasana baru / ketenangan,> 4 jam,Malam hari,Luar area kampus (Pusat Kota Makassar),"Minuman, makanan, dan rokok / kebutuhan lainnya",> Rp50.000,> Rp500.000,Sangat Tidak Setuju,Sangat Tidak Setuju,Sangat Tidak Setuju,Sangat Tidak Setuju,Sangat Tidak Setuju,Sangat Setuju,Sangat Setuju
16/09/2026 21:57:26,Jane,Perempuan,aktu gacor,< Rp1.000.000,Orang Tua / Keluarga,Cukup sering (3 – 4 kali),Mengerjakan tugas / skripsi / diskusi akademik,2 – 4 jam,Sore hari,Area sekitar Kampus Unhas (Tamalanrea / Gowa),Minuman dan makanan ringan / camilan,Rp31.000 – Rp50.000,< Rp150.000,Setuju,Sangat Setuju,Sangat Setuju,Setuju,Setuju,Sangat Setuju,Setuju
21/09/2026 18:54:08,Azriel,Laki-laki,Aktuaria,< Rp1.000.000,Orang Tua / Keluarga,Jarang (1 – 2 kali),Bermain game / nonton bareng / memakai Wi-Fi,< 2 jam,Malam hari,Luar area kampus (Pusat Kota Makassar),Minuman dan makanan ringan / camilan,Rp15.000 – Rp30.000,< Rp150.000,Sangat Tidak Setuju,Sangat Setuju,Netral,Sangat Setuju,Sangat Setuju,Sangat Setuju,Sangat Setuju
21/09/2026 19:27:10,Abdul Halim ,Laki-laki,Matematika dan Ilmu Pengetahuan Alam/Ilmu Aktuaria,Rp1.000.000 – Rp1.999.000,Orang Tua / Keluarga,Jarang (1 – 2 kali),Mengerjakan tugas / skripsi / diskusi akademik,> 4 jam,Sore hari,Area sekitar Kampus Unhas (Tamalanrea / Gowa),Minuman dan makanan ringan / camilan,> Rp50.000,Rp150.000 – Rp300.000,Tidak Setuju,Setuju,Tidak Setuju,Tidak Setuju,Tidak Setuju,Sangat Setuju,Sangat Setuju
21/09/2026 21:50:06,Je,Perempuan,FTP/ITP,Rp1.000.000 – Rp1.999.000,Orang Tua / Keluarga,Jarang (1 – 2 kali),Berkumpul / bersosialisasi dengan teman,2 – 4 jam,Malam hari,Area sekitar Kampus Unhas (Tamalanrea / Gowa),Hanya minuman (kopi / non-kopi),Rp15.000 – Rp30.000,< Rp150.000,Tidak Setuju,Sangat Tidak Setuju,Tidak Setuju,Tidak Setuju,Sangat Tidak Setuju,Sangat Tidak Setuju,Sangat Tidak Setuju
21/09/2026 21:56:05,april,Perempuan,teknik geodesi ,< Rp1.000.000,Orang Tua / Keluarga,Jarang (1 – 2 kali),Mengerjakan tugas / skripsi / diskusi akademik,2 – 4 jam,Malam hari,Area sekitar Kampus Unhas (Tamalanrea / Gowa),Hanya minuman (kopi / non-kopi),Rp31.000 – Rp50.000,< Rp150.000,Tidak Setuju,Netral,Tidak Setuju,Tidak Setuju,Tidak Setuju,Sangat Setuju,Setuju
21/09/2026 22:10:44,C,Perempuan,Fakultas Teologi dan Sosiologi Kristen/ Prodi Teologi ,< Rp1.000.000,Orang Tua / Keluarga,Jarang (1 – 2 kali),Mencari suasana baru / ketenangan,< 2 jam,Malam hari,Luar area kampus (Pusat Kota Makassar),Minuman dan makanan ringan / camilan,> Rp50.000,Rp150.000 – Rp300.000,Sangat Setuju,Sangat Setuju,Sangat Setuju,Setuju,Netral,Netral,Netral
21/09/2026 22:13:55,E,Perempuan,Psikologi,Rp1.000.000 – Rp1.999.000,Orang Tua / Keluarga,Jarang (1 – 2 kali),Berkumpul / bersosialisasi dengan teman,2 – 4 jam,Malam hari,Luar area kampus (Pusat Kota Makassar),Minuman dan makanan ringan / camilan,> Rp50.000,Rp150.000 – Rp300.000,Netral,Netral,Sangat Setuju,Sangat Setuju,Netral,Netral,Netral
21/09/2026 22:22:55,ahen,Laki-laki,terkuat / mtk,Rp1.000.000 – Rp1.999.000,Campuran (Uang saku + Penghasilan sendiri),Jarang (1 – 2 kali),Mengerjakan tugas / skripsi / diskusi akademik,> 4 jam,Sore hari,Luar area kampus (Pusat Kota Makassar),Minuman dan makanan berat,Rp31.000 – Rp50.000,Rp301.000 – Rp500.000,Setuju,Sangat Setuju,Netral,Netral,Tidak Setuju,Setuju,Sangat Setuju
21/09/2026 22:35:03,L,Perempuan,Psikologi ,< Rp1.000.000,Orang Tua / Keluarga,Jarang (1 – 2 kali),Mengerjakan tugas / skripsi / diskusi akademik,2 – 4 jam,Sore hari,Area sekitar Kampus Unhas (Tamalanrea / Gowa),Hanya minuman (kopi / non-kopi),Rp15.000 – Rp30.000,< Rp150.000,Sangat Tidak Setuju,Tidak Setuju,Sangat Tidak Setuju,Sangat Tidak Setuju,Tidak Setuju,Tidak Setuju,Tidak Setuju
21/09/2026 22:55:32,vio,Perempuan,fakultas ekonomi dan bisnis / akuntansi,≥ Rp3.000.000,Orang Tua / Keluarga,Cukup sering (3 – 4 kali),Berkumpul / bersosialisasi dengan teman,2 – 4 jam,Malam hari,Luar area kampus (Pusat Kota Makassar),Minuman dan makanan ringan / camilan,> Rp50.000,Rp150.000 – Rp300.000,Setuju,Sangat Setuju,Netral,Netral,Netral,Setuju,Tidak Setuju
21/09/2026 23:06:40,Ori,Perempuan,FISIP/HI,< Rp1.000.000,Orang Tua / Keluarga,Jarang (1 – 2 kali),Mengerjakan tugas / skripsi / diskusi akademik,< 2 jam,Sore hari,Luar area kampus (Pusat Kota Makassar),Minuman dan makanan ringan / camilan,Rp31.000 – Rp50.000,< Rp150.000,Tidak Setuju,Netral,Sangat Tidak Setuju,Netral,Netral,Netral,Netral
21/09/2026 23:10:47,hydn,Laki-laki,teknik elektro,Rp1.000.000 – Rp1.999.000,Orang Tua / Keluarga,Cukup sering (3 – 4 kali),Berkumpul / bersosialisasi dengan teman,2 – 4 jam,Malam hari,Area sekitar Kampus Unhas (Tamalanrea / Gowa),Hanya minuman (kopi / non-kopi),Rp31.000 – Rp50.000,Rp150.000 – Rp300.000,Setuju,Setuju,Sangat Tidak Setuju,Setuju,Netral,Netral,Tidak Setuju
21/09/2026 23:17:53,El,Perempuan,FISIP/ Ilmu Pemerintahan,Rp1.000.000 – Rp1.999.000,Orang Tua / Keluarga,Jarang (1 – 2 kali),Berkumpul / bersosialisasi dengan teman,2 – 4 jam,Sore hari,Area sekitar Kampus Unhas (Tamalanrea / Gowa),Minuman dan makanan ringan / camilan,Rp31.000 – Rp50.000,Rp150.000 – Rp300.000,Tidak Setuju,Setuju,Sangat Tidak Setuju,Setuju,Tidak Setuju,Setuju,Setuju
21/09/2026 23:58:13,Reynold,Laki-laki,FEB/Akuntansi,< Rp1.000.000,Orang Tua / Keluarga,Jarang (1 – 2 kali),Mengerjakan tugas / skripsi / diskusi akademik,> 4 jam,Malam hari,Area sekitar Kampus Unhas (Tamalanrea / Gowa),Minuman dan makanan ringan / camilan,Rp31.000 – Rp50.000,< Rp150.000,Netral,Setuju,Setuju,Tidak Setuju,Netral,Tidak Setuju,Netral
22/09/2026 5:08:47,Gerald Febry Christofer ,Laki-laki,Kehutanan,Rp1.000.000 – Rp1.999.000,Orang Tua / Keluarga,Jarang (1 – 2 kali),Berkumpul / bersosialisasi dengan teman,> 4 jam,Malam hari,Area sekitar Kampus Unhas (Tamalanrea / Gowa),Minuman dan makanan ringan / camilan,Rp15.000 – Rp30.000,< Rp150.000,Tidak Setuju,Tidak Setuju,Tidak Setuju,Tidak Setuju,Tidak Setuju,Netral,Netral
22/09/2026 5:20:18,Aiman,Laki-laki,MIPA / Ilmu Aktuaria,< Rp1.000.000,Orang Tua / Keluarga,Jarang (1 – 2 kali),Mengerjakan tugas / skripsi / diskusi akademik,2 – 4 jam,Sore hari,Area sekitar Kampus Unhas (Tamalanrea / Gowa),Minuman dan makanan ringan / camilan,Rp31.000 – Rp50.000,< Rp150.000,Tidak Setuju,Netral,Sangat Tidak Setuju,Sangat Tidak Setuju,Tidak Setuju,Sangat Setuju,Setuju
22/09/2026 8:48:54,Jeanes,Perempuan,Teknik/Perencanaan Wilayah & Kota,Rp1.000.000 – Rp1.999.000,Campuran (Uang saku + Penghasilan sendiri),Jarang (1 – 2 kali),Mengerjakan tugas / skripsi / diskusi akademik,2 – 4 jam,Pagi / Siang hari,Area sekitar Kampus Unhas (Tamalanrea / Gowa),Hanya minuman (kopi / non-kopi),Rp15.000 – Rp30.000,< Rp150.000,Tidak Setuju,Netral,Tidak Setuju,Tidak Setuju,Netral,Setuju,Netral
22/09/2026 9:32:14,E,Perempuan,Keperawatan,< Rp1.000.000,Orang Tua / Keluarga,Jarang (1 – 2 kali),Berkumpul / bersosialisasi dengan teman,2 – 4 jam,Malam hari,Luar area kampus (Pusat Kota Makassar),Hanya minuman (kopi / non-kopi),Rp15.000 – Rp30.000,< Rp150.000,Netral,Netral,Sangat Tidak Setuju,Netral,Netral,Sangat Setuju,Netral
22/09/2026 10:10:09,Natasya,Perempuan,Ilmu Aktuaria ,Rp1.000.000 – Rp1.999.000,Campuran (Uang saku + Penghasilan sendiri),Jarang (1 – 2 kali),Berkumpul / bersosialisasi dengan teman,> 4 jam,Malam hari,Area sekitar Kampus Unhas (Tamalanrea / Gowa),Minuman dan makanan ringan / camilan,Rp31.000 – Rp50.000,Rp150.000 – Rp300.000,Tidak Setuju,Setuju,Sangat Tidak Setuju,Tidak Setuju,Netral,Sangat Setuju,Sangat Setuju
22/09/2026 11:02:33,R,Perempuan,Aktuaria,< Rp1.000.000,Orang Tua / Keluarga,Jarang (1 – 2 kali),Mengerjakan tugas / skripsi / diskusi akademik,> 4 jam,Malam hari,Luar area kampus (Pusat Kota Makassar),Hanya minuman (kopi / non-kopi),Rp15.000 – Rp30.000,< Rp150.000,Sangat Setuju,Sangat Setuju,Netral,Sangat Setuju,Setuju,Setuju,Setuju
22/09/2026 12:34:52,WLLN,Perempuan,Mipa/Ilmu Aktuaria,Rp1.000.000 – Rp1.999.000,Orang Tua / Keluarga,Jarang (1 – 2 kali),Mengerjakan tugas / skripsi / diskusi akademik,2 – 4 jam,Sore hari,Area sekitar Kampus Unhas (Tamalanrea / Gowa),Hanya minuman (kopi / non-kopi),Rp15.000 – Rp30.000,Rp150.000 – Rp300.000,Netral,Setuju,Netral,Tidak Setuju,Netral,Setuju,Setuju
22/09/2026 12:36:22,Amd,Perempuan,MIPA/Ilmu Aktuaria ,Rp1.000.000 – Rp1.999.000,Orang Tua / Keluarga,Jarang (1 – 2 kali),Mengerjakan tugas / skripsi / diskusi akademik,2 – 4 jam,Malam hari,Area sekitar Kampus Unhas (Tamalanrea / Gowa),Hanya minuman (kopi / non-kopi),Rp15.000 – Rp30.000,< Rp150.000,Netral,Setuju,Netral,Netral,Setuju,Setuju,Setuju
22/09/2026 14:17:43,kinshyy,Perempuan,fakultas kesehatan masyarakat,< Rp1.000.000,Orang Tua / Keluarga,Cukup sering (3 – 4 kali),Mengerjakan tugas / skripsi / diskusi akademik,> 4 jam,Sore hari,Luar area kampus (Pusat Kota Makassar),Minuman dan makanan ringan / camilan,> Rp50.000,< Rp150.000,Setuju,Setuju,Netral,Netral,Netral,Setuju,Tidak Setuju
22/09/2026 21:43:57,E,Perempuan,Mipa,< Rp1.000.000,Orang Tua / Keluarga,Jarang (1 – 2 kali),Mengerjakan tugas / skripsi / diskusi akademik,2 – 4 jam,Sore hari,Area sekitar Kampus Unhas (Tamalanrea / Gowa),Minuman dan makanan ringan / camilan,Rp15.000 – Rp30.000,< Rp150.000,Sangat Setuju,Sangat Setuju,Tidak Setuju,Sangat Setuju,Setuju,Netral,Netral
22/09/2026 23:31:13,M,Perempuan,Feb,< Rp1.000.000,Orang Tua / Keluarga,Jarang (1 – 2 kali),Mengerjakan tugas / skripsi / diskusi akademik,< 2 jam,Sore hari,Area sekitar Kampus Unhas (Tamalanrea / Gowa),Hanya minuman (kopi / non-kopi),Rp15.000 – Rp30.000,< Rp150.000,Setuju,Setuju,Netral,Netral,Netral,Setuju,Netral
23/09/2026 21:25:34,AS,Perempuan,FMIPA,Rp1.000.000 – Rp1.999.000,Orang Tua / Keluarga,Jarang (1 – 2 kali),Mengerjakan tugas / skripsi / diskusi akademik,> 4 jam,Malam hari,Luar area kampus (Pusat Kota Makassar),Hanya minuman (kopi / non-kopi),Rp15.000 – Rp30.000,Rp150.000 – Rp300.000,Tidak Setuju,Tidak Setuju,Tidak Setuju,Netral,Tidak Setuju,Setuju,Sangat Setuju
23/09/2026 21:32:28,SJJ,Perempuan,Ilmu Aktuaria,< Rp1.000.000,Beasiswa,Jarang (1 – 2 kali),Berkumpul / bersosialisasi dengan teman,2 – 4 jam,Malam hari,Luar area kampus (Pusat Kota Makassar),Hanya minuman (kopi / non-kopi),Rp15.000 – Rp30.000,< Rp150.000,Sangat Tidak Setuju,Tidak Setuju,Sangat Tidak Setuju,Sangat Tidak Setuju,Tidak Setuju,Netral,Netral
23/09/2026 21:48:28,reza,Laki-laki,fmipa,Rp1.000.000 – Rp1.999.000,Orang Tua / Keluarga,Jarang (1 – 2 kali),Mengerjakan tugas / skripsi / diskusi akademik,< 2 jam,Pagi / Siang hari,Luar area kampus (Pusat Kota Makassar),Hanya minuman (kopi / non-kopi),Rp15.000 – Rp30.000,< Rp150.000,Sangat Setuju,Sangat Setuju,Tidak Setuju,Tidak Setuju,Setuju,Netral,Netral
23/09/2026 22:19:52,devy,Perempuan,fmipa,Rp1.000.000 – Rp1.999.000,Orang Tua / Keluarga,Jarang (1 – 2 kali),Mengerjakan tugas / skripsi / diskusi akademik,< 2 jam,Pagi / Siang hari,Luar area kampus (Pusat Kota Makassar),Hanya minuman (kopi / non-kopi),Rp15.000 – Rp30.000,< Rp150.000,Netral,Netral,Tidak Setuju,Tidak Setuju,Setuju,Sangat Tidak Setuju,Setuju
24/09/2026 7:28:19,nensi,Perempuan,sistem informasi ,< Rp1.000.000,Orang Tua / Keluarga,Jarang (1 – 2 kali),Berkumpul / bersosialisasi dengan teman,2 – 4 jam,Pagi / Siang hari,Luar area kampus (Pusat Kota Makassar),Hanya minuman (kopi / non-kopi),Rp15.000 – Rp30.000,< Rp150.000,Tidak Setuju,Tidak Setuju,Tidak Setuju,Sangat Tidak Setuju,Netral,Setuju,Setuju